ratio,loss,penalty,n_splits,tol,score,threshold
0.95,log,none,100,0.01,0.5550391469877689,0.7610503282275711
