ratio,loss,penalty,n_splits,tol,score,threshold
0.975,log,none,100,0.003,0.6815923688325579,0.8646238813904723
